<?xml version="1.0" encoding="UTF-8" standalone="yes"?>
<addon id="plugin.program.scorpionwizard" name="Scorpion Wizard" version="1.0" provider-name="Pick">
  <requires>
    <import addon="xbmc.python" version="2.1.0"/>
  </requires>
  <extension point="xbmc.python.pluginsource" library="default.py">
    <provides>executable</provides>
  </extension>
  <extension point="xbmc.service" library="startup.py" start="startup" />
  <extension point="xbmc.addon.metadata">
    <summary lang="en">Scorpion Wizard</summary>
    <description lang="en">Mad Builds</description>
    <platform>all</platform>
  </extension>
</addon>