<?xml version="1.0" encoding="utf-8" ?>
<dwsync>
<file name="__init__.py" server="ftp.sffscorpion.com//" local="132123465900000000" remote="-1" Dst="-1" />
<file name="friendly_nodes.py" server="ftp.sffscorpion.com//" local="132123465900000000" remote="-1" Dst="-1" />
<file name="jsregexps.py" server="ftp.sffscorpion.com//" local="132123465900000000" remote="-1" Dst="-1" />
<file name="markdown.js" server="ftp.sffscorpion.com//" local="132123465900000000" remote="-1" Dst="-1" />
<file name="pyjsparser.py" server="ftp.sffscorpion.com//" local="132123465900000000" remote="-1" Dst="-1" />
<file name="pyjsparserdata.py" server="ftp.sffscorpion.com//" local="132123465900000000" remote="-1" Dst="-1" />
<file name="six.py" server="ftp.sffscorpion.com//" local="132123465900000000" remote="-1" Dst="-1" />
<file name="std_nodes.py" server="ftp.sffscorpion.com//" local="132123465900000000" remote="-1" Dst="-1" />
<file name="translating_nodes.py" server="ftp.sffscorpion.com//" local="132123465900000000" remote="-1" Dst="-1" />
<file name="translator.py" server="ftp.sffscorpion.com//" local="132123465900000000" remote="-1" Dst="-1" />
</dwsync>