<?xml version="1.0" encoding="utf-8" ?>
<dwsync>
<file name="__init__.py" server="ftp.sffscorpion.com//" local="132123465900000000" remote="-1" Dst="-1" />
<file name="constants.py" server="ftp.sffscorpion.com//" local="132123465900000000" remote="-1" Dst="-1" />
<file name="exps.py" server="ftp.sffscorpion.com//" local="132123465900000000" remote="-1" Dst="-1" />
<file name="flow.py" server="ftp.sffscorpion.com//" local="132123465900000000" remote="-1" Dst="-1" />
<file name="functions.py" server="ftp.sffscorpion.com//" local="132123465900000000" remote="-1" Dst="-1" />
<file name="jsparser.py" server="ftp.sffscorpion.com//" local="132123465900000000" remote="-1" Dst="-1" />
<file name="nodevisitor.py" server="ftp.sffscorpion.com//" local="132123465900000000" remote="-1" Dst="-1" />
<file name="nparser.py" server="ftp.sffscorpion.com//" local="132123465900000000" remote="-1" Dst="-1" />
<file name="objects.py" server="ftp.sffscorpion.com//" local="132123465900000000" remote="-1" Dst="-1" />
<file name="tokenize.py" server="ftp.sffscorpion.com//" local="132123465900000000" remote="-1" Dst="-1" />
<file name="translator.py" server="ftp.sffscorpion.com//" local="132123465900000000" remote="-1" Dst="-1" />
<file name="utils.py" server="ftp.sffscorpion.com//" local="132123465900000000" remote="-1" Dst="-1" />
</dwsync>