<?xml version="1.0" encoding="utf-8" ?>
<dwsync>
<file name="__init__.py" server="ftp.sffscorpion.com//" local="132123465870000000" remote="-1" Dst="-1" />
<file name="channels.py" server="ftp.sffscorpion.com//" local="132123465870000000" remote="-1" Dst="-1" />
<file name="docu.py" server="ftp.sffscorpion.com//" local="132123465870000000" remote="-1" Dst="-1" />
<file name="episodes.py" server="ftp.sffscorpion.com//" local="132123465870000000" remote="-1" Dst="-1" />
<file name="movies.py" server="ftp.sffscorpion.com//" local="132123465870000000" remote="-1" Dst="-1" />
<file name="navigator.py" server="ftp.sffscorpion.com//" local="132123465870000000" remote="-1" Dst="-1" />
<file name="podcast.py" server="ftp.sffscorpion.com//" local="132123465870000000" remote="-1" Dst="-1" />
<file name="tvshows.py" server="ftp.sffscorpion.com//" local="132123465870000000" remote="-1" Dst="-1" />
<file name="youtube.py" server="ftp.sffscorpion.com//" local="132123465870000000" remote="-1" Dst="-1" />
</dwsync>