<?xml version="1.0" encoding="utf-8" ?>
<dwsync>
<file name="__init__.py" server="ftp.sffscorpion.com//" local="132123465900000000" remote="-1" Dst="-1" />
<file name="jsarray.py" server="ftp.sffscorpion.com//" local="132123465900000000" remote="-1" Dst="-1" />
<file name="jsboolean.py" server="ftp.sffscorpion.com//" local="132123465900000000" remote="-1" Dst="-1" />
<file name="jsdate.py" server="ftp.sffscorpion.com//" local="132123465900000000" remote="-1" Dst="-1" />
<file name="jsfunction.py" server="ftp.sffscorpion.com//" local="132123465900000000" remote="-1" Dst="-1" />
<file name="jsmath.py" server="ftp.sffscorpion.com//" local="132123465900000000" remote="-1" Dst="-1" />
<file name="jsnumber.py" server="ftp.sffscorpion.com//" local="132123465900000000" remote="-1" Dst="-1" />
<file name="jsobject.py" server="ftp.sffscorpion.com//" local="132123465900000000" remote="-1" Dst="-1" />
<file name="jsregexp.py" server="ftp.sffscorpion.com//" local="132123465900000000" remote="-1" Dst="-1" />
<file name="jsstring.py" server="ftp.sffscorpion.com//" local="132123465900000000" remote="-1" Dst="-1" />
<file name="six.py" server="ftp.sffscorpion.com//" local="132123465900000000" remote="-1" Dst="-1" />
<file name="time_helpers.py" server="ftp.sffscorpion.com//" local="132123465900000000" remote="-1" Dst="-1" />
</dwsync>