<?xml version="1.0" encoding="utf-8" ?>
<dwsync>
<file name="123movies4u.py" server="ftp.sffscorpion.com//" local="132123465880000000" remote="-1" Dst="-1" />
<file name="123movieshubz.py" server="ftp.sffscorpion.com//" local="132123465880000000" remote="-1" Dst="-1" />
<file name="1337x.py" server="ftp.sffscorpion.com//" local="132123465880000000" remote="-1" Dst="-1" />
<file name="1putlocker.py" server="ftp.sffscorpion.com//" local="132123465880000000" remote="-1" Dst="-1" />
<file name="300mbdownload.py" server="ftp.sffscorpion.com//" local="132123465880000000" remote="-1" Dst="-1" />
<file name="300mbfilms.py" server="ftp.sffscorpion.com//" local="132123465870000000" remote="-1" Dst="-1" />
<file name="animetoon.py" server="ftp.sffscorpion.com//" local="132123465880000000" remote="-1" Dst="-1" />
<file name="azmovie.py" server="ftp.sffscorpion.com//" local="132123465870000000" remote="-1" Dst="-1" />
<file name="bestmoviez.py" server="ftp.sffscorpion.com//" local="132123465870000000" remote="-1" Dst="-1" />
<file name="bitlord.py" server="ftp.sffscorpion.com//" local="132123465880000000" remote="-1" Dst="-1" />
<file name="bnwmovies.py" server="ftp.sffscorpion.com//" local="132123465890000000" remote="-1" Dst="-1" />
<file name="btscene.py" server="ftp.sffscorpion.com//" local="132123465880000000" remote="-1" Dst="-1" />
<file name="cartoonextra.py" server="ftp.sffscorpion.com//" local="132123465890000000" remote="-1" Dst="-1" />
<file name="cartoonhd.py" server="ftp.sffscorpion.com//" local="132123465880000000" remote="-1" Dst="-1" />
<file name="cartoontab.py" server="ftp.sffscorpion.com//" local="132123465880000000" remote="-1" Dst="-1" />
<file name="cmovies.py" server="ftp.sffscorpion.com//" local="132123465880000000" remote="-1" Dst="-1" />
<file name="cmovieshd.py" server="ftp.sffscorpion.com//" local="132123465870000000" remote="-1" Dst="-1" />
<file name="cmovieshdbz.py" server="ftp.sffscorpion.com//" local="132123465880000000" remote="-1" Dst="-1" />
<file name="coolmoviezone.py" server="ftp.sffscorpion.com//" local="132123465880000000" remote="-1" Dst="-1" />
<file name="deepmovie.py" server="ftp.sffscorpion.com//" local="132123465880000000" remote="-1" Dst="-1" />
<file name="digbt.py" server="ftp.sffscorpion.com//" local="132123465870000000" remote="-1" Dst="-1" />
<file name="directdl.py" server="ftp.sffscorpion.com//" local="132123465890000000" remote="-1" Dst="-1" />
<file name="divxcrawler.py" server="ftp.sffscorpion.com//" local="132123465880000000" remote="-1" Dst="-1" />
<file name="doublr.py" server="ftp.sffscorpion.com//" local="132123465880000000" remote="-1" Dst="-1" />
<file name="extramovies.py" server="ftp.sffscorpion.com//" local="132123465880000000" remote="-1" Dst="-1" />
<file name="eztv.py" server="ftp.sffscorpion.com//" local="132123465880000000" remote="-1" Dst="-1" />
<file name="fmovies.py" server="ftp.sffscorpion.com//" local="132123465880000000" remote="-1" Dst="-1" />
<file name="freefmovies.py" server="ftp.sffscorpion.com//" local="132123465890000000" remote="-1" Dst="-1" />
<file name="ganool.py" server="ftp.sffscorpion.com//" local="132123465880000000" remote="-1" Dst="-1" />
<file name="glodls.py" server="ftp.sffscorpion.com//" local="132123465870000000" remote="-1" Dst="-1" />
<file name="gomoviesink.py" server="ftp.sffscorpion.com//" local="132123465890000000" remote="-1" Dst="-1" />
<file name="gowatchseries.py" server="ftp.sffscorpion.com//" local="132123465870000000" remote="-1" Dst="-1" />
<file name="hackimdb.py" server="ftp.sffscorpion.com//" local="132123465890000000" remote="-1" Dst="-1" />
<file name="hdmto.py" server="ftp.sffscorpion.com//" local="132123465890000000" remote="-1" Dst="-1" />
<file name="hdpopcorneu.py" server="ftp.sffscorpion.com//" local="132123465880000000" remote="-1" Dst="-1" />
<file name="hdpopcorns.py" server="ftp.sffscorpion.com//" local="132123465880000000" remote="-1" Dst="-1" />
<file name="invictus.py" server="ftp.sffscorpion.com//" local="132123465890000000" remote="-1" Dst="-1" />
<file name="iwaatch.py" server="ftp.sffscorpion.com//" local="132123465880000000" remote="-1" Dst="-1" />
<file name="iwannawatch.py" server="ftp.sffscorpion.com//" local="132123465880000000" remote="-1" Dst="-1" />
<file name="iwantmyshow.py" server="ftp.sffscorpion.com//" local="132123465890000000" remote="-1" Dst="-1" />
<file name="iwatch.py" server="ftp.sffscorpion.com//" local="132123465890000000" remote="-1" Dst="-1" />
<file name="kickass2.py" server="ftp.sffscorpion.com//" local="132123465880000000" remote="-1" Dst="-1" />
<file name="limetorrents.py" server="ftp.sffscorpion.com//" local="132123465880000000" remote="-1" Dst="-1" />
<file name="magnetdl.py" server="ftp.sffscorpion.com//" local="132123465880000000" remote="-1" Dst="-1" />
<file name="maxrls.py" server="ftp.sffscorpion.com//" local="132123465890000000" remote="-1" Dst="-1" />
<file name="mkvcage.py" server="ftp.sffscorpion.com//" local="132123465880000000" remote="-1" Dst="-1" />
<file name="movie4kis.py" server="ftp.sffscorpion.com//" local="132123465880000000" remote="-1" Dst="-1" />
<file name="movies123.py" server="ftp.sffscorpion.com//" local="132123465890000000" remote="-1" Dst="-1" />
<file name="moviesleak.py" server="ftp.sffscorpion.com//" local="132123465890000000" remote="-1" Dst="-1" />
<file name="mvrls.py" server="ftp.sffscorpion.com//" local="132123465880000000" remote="-1" Dst="-1" />
<file name="mycouchtuner.py" server="ftp.sffscorpion.com//" local="132123465880000000" remote="-1" Dst="-1" />
<file name="myhdpopcorn.py" server="ftp.sffscorpion.com//" local="132123465880000000" remote="-1" Dst="-1" />
<file name="myputlockers.py" server="ftp.sffscorpion.com//" local="132123465890000000" remote="-1" Dst="-1" />
<file name="myvideolink.py" server="ftp.sffscorpion.com//" local="132123465880000000" remote="-1" Dst="-1" />
<file name="onlineseries.py" server="ftp.sffscorpion.com//" local="132123465880000000" remote="-1" Dst="-1" />
<file name="piratebay.py" server="ftp.sffscorpion.com//" local="132123465880000000" remote="-1" Dst="-1" />
<file name="primewire.py" server="ftp.sffscorpion.com//" local="132123465890000000" remote="-1" Dst="-1" />
<file name="projectfreetv.py" server="ftp.sffscorpion.com//" local="132123465880000000" remote="-1" Dst="-1" />
<file name="putlocker.py" server="ftp.sffscorpion.com//" local="132123465890000000" remote="-1" Dst="-1" />
<file name="putlockerfree.py" server="ftp.sffscorpion.com//" local="132123465880000000" remote="-1" Dst="-1" />
<file name="putlockeronl.py" server="ftp.sffscorpion.com//" local="132123465890000000" remote="-1" Dst="-1" />
<file name="rapidmoviez.py" server="ftp.sffscorpion.com//" local="132123465880000000" remote="-1" Dst="-1" />
<file name="reddit.py" server="ftp.sffscorpion.com//" local="132123465890000000" remote="-1" Dst="-1" />
<file name="sceneddl.py" server="ftp.sffscorpion.com//" local="132123465880000000" remote="-1" Dst="-1" />
<file name="scenerls.py" server="ftp.sffscorpion.com//" local="132123465880000000" remote="-1" Dst="-1" />
<file name="scenerlscom.py" server="ftp.sffscorpion.com//" local="132123465880000000" remote="-1" Dst="-1" />
<file name="scnsrc.py" server="ftp.sffscorpion.com//" local="132123465880000000" remote="-1" Dst="-1" />
<file name="seehd.py" server="ftp.sffscorpion.com//" local="132123465880000000" remote="-1" Dst="-1" />
<file name="series9.py" server="ftp.sffscorpion.com//" local="132123465880000000" remote="-1" Dst="-1" />
<file name="seriesonline.py" server="ftp.sffscorpion.com//" local="132123465880000000" remote="-1" Dst="-1" />
<file name="sezonlukdizi.py" server="ftp.sffscorpion.com//" local="132123465880000000" remote="-1" Dst="-1" />
<file name="sharemovies.py" server="ftp.sffscorpion.com//" local="132123465870000000" remote="-1" Dst="-1" />
<file name="swatchseries.py" server="ftp.sffscorpion.com//" local="132123465880000000" remote="-1" Dst="-1" />
<file name="timewatch.py" server="ftp.sffscorpion.com//" local="132123465890000000" remote="-1" Dst="-1" />
<file name="toonget.py" server="ftp.sffscorpion.com//" local="132123465880000000" remote="-1" Dst="-1" />
<file name="torrentapi.py" server="ftp.sffscorpion.com//" local="132123465870000000" remote="-1" Dst="-1" />
<file name="torrentdownloads.py" server="ftp.sffscorpion.com//" local="132123465880000000" remote="-1" Dst="-1" />
<file name="tvbox.py" server="ftp.sffscorpion.com//" local="132123465890000000" remote="-1" Dst="-1" />
<file name="ultrahd.py" server="ftp.sffscorpion.com//" local="132123465880000000" remote="-1" Dst="-1" />
<file name="warezmovies.py" server="ftp.sffscorpion.com//" local="132123465890000000" remote="-1" Dst="-1" />
<file name="watch32.py" server="ftp.sffscorpion.com//" local="132123465870000000" remote="-1" Dst="-1" />
<file name="watchepisodes.py" server="ftp.sffscorpion.com//" local="132123465880000000" remote="-1" Dst="-1" />
<file name="watchseries.py" server="ftp.sffscorpion.com//" local="132123465880000000" remote="-1" Dst="-1" />
<file name="watchserieshd.py" server="ftp.sffscorpion.com//" local="132123465880000000" remote="-1" Dst="-1" />
<file name="weseries.py" server="ftp.sffscorpion.com//" local="132123465880000000" remote="-1" Dst="-1" />
<file name="wnmnt.py" server="ftp.sffscorpion.com//" local="132123465880000000" remote="-1" Dst="-1" />
<file name="xwatchseries.py" server="ftp.sffscorpion.com//" local="132123465890000000" remote="-1" Dst="-1" />
<file name="yesmoviesgg.py" server="ftp.sffscorpion.com//" local="132123465890000000" remote="-1" Dst="-1" />
<file name="yify.py" server="ftp.sffscorpion.com//" local="132123465880000000" remote="-1" Dst="-1" />
<file name="yifyddl.py" server="ftp.sffscorpion.com//" local="132123465880000000" remote="-1" Dst="-1" />
<file name="ytsam.py" server="ftp.sffscorpion.com//" local="132123465880000000" remote="-1" Dst="-1" />
<file name="zoogle.py" server="ftp.sffscorpion.com//" local="132123465870000000" remote="-1" Dst="-1" />
</dwsync>