<?xml version="1.0" encoding="UTF-8"?>
	<addon id="script.scorpion.metadata" name="Scorpion Metadata" version="0.1" provider-name="Pick">
        <requires>
			<import addon="xbmc.python" version="2.1.0"/>
        </requires>
		<extension point="xbmc.python.module" library="lib" />
		<extension point="xbmc.addon.metadata">
        </extension>
        <extension point="xbmc.addon.metadata">
			<summary>Metadata for the Scorpion Addon</summary>
			<description>Metadata for Scorpion are maintained separately to make distribution of the the addon itself easier/faster.</description>
			<platform>all</platform>
		</extension>
</addon>