<?xml version="1.0" encoding="UTF-8" standalone="yes"?>
<addon id="plugin.video.scorpion" version="0.1" name="Scorpion" provider-name="Pick">
	<requires>
		<import addon="xbmc.python" version="2.1.0"/>
		<import addon="script.module.scorpion" version="0.1"/>
		<import addon="script.scorpion.artwork" version="0.1" />
		<import addon="script.scorpion.metadata" version="0.1" />
		<import addon="script.module.urlresolver" />
		<import addon="script.module.requests" />
		<import addon="script.module.metahandler" />
	</requires>
	<extension point="xbmc.python.pluginsource" library="scorpion.py">
		<provides>video</provides>
	</extension>
	<extension point="xbmc.service" library="service.py" start="startup" />
	<extension point="xbmc.addon.metadata">
		<summary lang="en">Get some!</summary>
		<description>Hacked up Exodus</description>
		<platform>all</platform>
		<license>GNU GENERAL PUBLIC LICENSE. Version 3, 29 June 2007</license>
		<assets>
			<icon>icon.png</icon>
			<fanart>fanart.jpg</fanart>
    			<screenshot>resources/screenshots/screenshot-01.jpg</screenshot>
    			<screenshot>resources/screenshots/screenshot-02.jpg</screenshot>
    			<screenshot>resources/screenshots/screenshot-03.jpg</screenshot>
		</assets>
	</extension>
</addon>
